,title,averageRating,numVotes,id,revenue,release_date,percent_of_max_revenue,percent_of_max_review
587,'The Dark Knight Rises',8.4,1515727,49026,1084939099.0,2012-07-16,0.8400000000000001,0.7139833841541452
463,'Shutter Island',8.2,1129155,11324,294804195.0,2010-02-18,0.82,0.1940065548406773
239,'Back to the Future',8.5,1057549,105,381109762.0,1985-07-03,0.85,0.2508030523167097
422,Up,8.2,935115,14160,735099082.0,2009-05-13,0.82,0.4837585176335925
598,'Mad Max: Fury Road',8.1,881816,76341,378858340.0,2015-05-13,0.8099999999999999,0.24932142270247534
597,'The Hunger Games',7.2,844312,70160,691210692.0,2012-03-12,0.72,0.4548761764531896
236,'The Terminator',8.0,799595,218,78371200.0,1984-10-26,0.8,0.0515750005210397
395,'Slumdog Millionaire',8.0,798653,12405,377910544.0,2008-05-12,0.8,0.24869769129101502
327,'Die Hard',8.2,792887,562,140767956.0,1988-07-15,0.82,0.0926374408461998
198,Scarface,8.3,740537,111,65884703.0,1983-12-08,0.8300000000000001,0.04335780990406611
533,'Iron Man 2',7.0,722049,10138,623933331.0,2010-04-28,0.7,0.4106018776211036
514,'Gran Torino',8.1,720182,13223,269958228.0,2008-12-09,0.8099999999999999,0.17765576831487784
456,'The Hangover',7.7,717356,18785,459270619.0,2009-06-05,0.77,0.3022396290247339
160,'Blade Runner',8.1,693537,78,33139618.0,1982-06-25,0.8099999999999999,0.021808723301634487
362,'Indiana Jones and the Last Crusade',8.2,692105,89,474171806.0,1989-05-24,0.82,0.31204589366390123
57,'12 Angry Men',9.0,689432,389,1000000.0,1957-03-25,0.9,0.0006580861403301174
419,'Silver Linings Playbook',7.7,661620,82693,205738714.0,2012-09-08,0.77,0.1353937962127419
266,Aliens,8.3,652487,679,183316455.0,1986-07-18,0.8300000000000001,0.12063801832994966
472,'District 9',7.9,638067,17654,210819611.0,2009-08-05,0.79,0.13873746410888677
435,Skyfall,7.7,630406,37724,1108561013.0,2012-10-25,0.77,0.7295286383656152
82,Psycho,8.5,603950,539,32000000.0,1960-06-16,0.85,0.021058756490563758
490,'The Hobbit: The Desolation of Smaug',7.8,601155,57158,958400000.0,2013-12-11,0.78,0.6307097568923846
600,Prisoners,8.1,600714,146233,122126687.0,2013-09-18,0.8099999999999999,0.08036988007913433
594,'Suicide Squad',6.0,600635,297761,745000000.0,2016-08-02,0.6,0.4902741745459375
584,'Despicable Me',7.6,500685,20352,543513985.0,2010-07-08,0.76,0.35767902060409135
569,'Rise of the Planet of the Apes',7.6,495748,61791,482860185.0,2011-08-03,0.76,0.31776359546573646
352,'Back to the Future Part II',7.8,481736,165,332000000.0,1989-11-20,0.78,0.218484598589599
561,'Pirates of the Caribbean: On Stranger Tides',6.6,481095,1865,1045713802.0,2011-05-14,0.6599999999999999,0.6881697598481127
341,'Rain Man',8.0,472903,380,412800000.0,1988-12-11,0.8,0.2716579587282725
535,'Mission: Impossible - Ghost Protocol',7.4,457115,56292,694713380.0,2011-12-07,0.74,0.4571812468798902
110,'Dr. Strangelove or: How I Learned to Stop Worrying and Love the Bomb',8.4,450292,935,9440272.0,1964-01-29,0.8400000000000001,0.006212512164146478
226,'Indiana Jones and the Temple of Doom',7.6,449250,87,333000000.0,1984-05-23,0.76,0.21914268472992912
381,'Edward Scissorhands',7.9,447247,162,53000000.0,1990-12-05,0.79,0.03487856543749623
557,Warrior,8.2,435787,59440,23057115.0,2011-09-09,0.82,0.015173567817497657
453,Twilight,5.2,426625,8966,392616625.0,2008-11-20,0.52,0.2583755593756871
356,'Dead Poets Society',8.1,425123,207,235860116.0,1989-06-02,0.8099999999999999,0.1552162733962538
375,'Back to the Future Part III',7.4,405768,196,244527583.0,1990-05-25,0.74,0.16092021330072245
307,'The Princess Bride',8.0,393737,2493,30857814.0,1987-09-18,0.8,0.020307099714284665
3,'Alice in Wonderland',6.4,383986,12155,1025491110.0,2010-03-03,0.64,0.6748614865227479
541,'This Is the End',6.6,383982,109414,126041322.0,2013-06-12,0.6599999999999999,0.08294604711708552
282,Platoon,8.1,381073,792,138530565.0,1986-12-18,0.8099999999999999,0.09116504483860045
545,'The Cabin in the Woods',7.0,376606,22970,66486080.0,2012-04-12,0.7,0.04375356777287941
522,Brave,7.1,373112,62177,538983207.0,2012-06-21,0.71,0.35469737839737875
163,'E.T. the Extra-Terrestrial',7.8,372343,601,792910554.0,1982-04-03,0.78,0.5218034461088752
306,Predator,7.8,371227,106,98235548.0,1987-06-11,0.78,0.06464745262653399
177,'The Thing',8.1,371117,1091,19629760.0,1982-06-25,0.8099999999999999,0.012918072994006527
518,Moneyball,7.6,369229,60308,110206216.0,2011-09-22,0.76,0.07252518332782723
208,Amadeus,8.3,368847,279,51973029.0,1984-10-26,0.8300000000000001,0.03420273005587526
286,'Stand by Me',8.1,363239,235,52287414.0,1986-08-22,0.8099999999999999,0.03440962246710295
222,Ghostbusters,7.8,355274,43074,229147509.0,2016-07-14,0.78,0.15079879976407085
505,2012,5.8,353151,14161,769653595.0,2009-10-10,0.58,0.5064983637247494
143,Batman,7.5,338424,268,411348924.0,1989-06-23,0.75,0.2707030257241068
380,'Die Hard 2',7.2,338258,1573,240031094.0,1990-07-02,0.72,0.1579611362096756
430,'Yes Man',6.8,335562,10201,225990978.0,2008-12-09,0.6799999999999999,0.14872153046144848
499,Moon,7.9,335054,17431,9760104.0,2009-06-12,0.79,0.006422989170580541
572,'The Expendables',6.5,325675,27578,274470394.0,2010-08-03,0.65,0.18062516222234662
416,'The Proposal',6.7,295857,18240,317375031.0,2009-06-01,0.67,0.20886010918794137
46,'Top Gun',6.9,295351,744,356830601.0,1986-05-16,0.6900000000000001,0.23482527296376615
103,'To Kill a Mockingbird',8.2,293714,595,13129846.0,1962-12-25,0.82,0.008640569677268832
542,RED,7.0,289196,39514,71664962.0,2010-10-13,0.7,0.047161718239484535
483,'Public Enemies',7.0,282263,11322,214104620.0,2009-07-01,0.7,0.14089928300264648
68,'The Untouchables',7.9,281692,117,76270454.0,1987-06-02,0.79,0.05019252869408577
543,'300: Rise of an Empire',6.2,281003,53182,337580051.0,2014-03-05,0.62,0.22215675281503422
510,'Law Abiding Citizen',7.4,271556,22803,126690726.0,2009-10-15,0.74,0.08337341088896046
97,'Lawrence of Arabia',8.3,267976,947,69995385.0,1962-12-10,0.8300000000000001,0.046062992755570596
468,'Green Lantern',5.5,266760,44912,219851172.0,2011-06-16,0.55,0.1446810092285328
449,'Lone Survivor',7.5,266262,193756,149295601.0,2013-12-24,0.75,0.09824936583035522
546,'The Twilight Saga: New Moon',4.7,265745,18239,709827462.0,2009-03-15,0.47000000000000003,0.4671276147679031
585,'Terminator Genisys',6.3,259579,87101,440603537.0,2015-06-23,0.63,0.2899550810801281
563,'Kung Fu Panda 2',7.2,253850,49444,665692281.0,2011-05-25,0.72,0.438082863850842
413,'Hachi: A Dog\'s Tale',8.1,253380,28178,47801389.0,2009-06-13,0.8099999999999999,0.031457431589428535
586,Dredd,7.1,251973,49049,41037742.0,2012-09-07,0.71,0.027006369240643154
146,'Dark Shadows',6.2,247510,62213,245527149.0,2012-05-08,0.62,0.16157801383166767
591,'The Adjustment Bureau',7.0,244048,38050,127869379.0,2011-03-03,0.7,0.08414906609251897
75,'Some Like It Hot',8.2,243827,239,25000000.0,1959-03-18,0.82,0.016452153508252937
593,'The Other Guys',6.6,242883,27581,170432927.0,2010-08-06,0.6599999999999999,0.11215954711459467
595,'Total Recall',6.3,240265,861,261317921.0,1990-06-01,0.63,0.17196970202998055
377,'Dances with Wolves',8.0,240166,581,424208848.0,1990-11-09,0.8,0.27916596347420547
508,Rango,7.2,236758,44896,245724603.0,2011-03-02,0.72,0.1617079555724204
451,Paul,7.0,234832,39513,97552050.0,2011-02-14,0.7,0.06419765206579063
310,RoboCop,7.5,232934,97020,242688965.0,2014-01-30,0.75,0.15971024427756098
391,Megamind,7.2,228509,38055,321887208.0,2010-10-28,0.72,0.2118295103343577
167,'First Blood',7.7,226441,1368,125212904.0,1982-10-22,0.77,0.08240087671288553
114,'The Great Escape',8.2,224624,5925,11744471.0,1963-06-20,0.82,0.007728873590608995
537,'The Tourist',6.0,224274,37710,278731369.0,2010-12-08,0.6,0.18342925081413974
44,'The Lone Ranger',6.4,221360,57201,89289910.0,2013-07-03,0.64,0.05876045224232356
69,Ben-Hur,8.1,219385,271969,94061311.0,2016-08-17,0.8099999999999999,0.06190044511038082
170,Gandhi,8.0,217602,783,77737889.0,1982-11-30,0.8,0.051158227329421095
461,'The Ides of March',7.1,215455,10316,75993061.0,2011-09-24,0.71,0.050009980205361175
504,'The Lincoln Lawyer',7.3,214700,50348,85412898.0,2011-03-17,0.73,0.05620904437923001
228,'A Nightmare on Elm Street',7.5,207056,377,25504513.0,1984-11-14,0.75,0.016784166521169305
579,'Gangster Squad',6.7,206317,82682,105200903.0,2013-01-10,0.67,0.06923125621451308
139,'The Sound of Music',8.0,205327,15121,286214286.0,1965-03-02,0.8,0.18835365478108038
475,'The Ugly Truth',6.4,204685,20943,205298907.0,2009-07-24,0.64,0.13510436532162173
59,'The Bridge on the River Kwai',8.1,203380,826,33300000.0,1957-10-02,0.8099999999999999,0.021914268472992913
556,'Teenage Mutant Ninja Turtles',5.8,200925,98566,477200000.0,2014-08-07,0.58,0.31403870616553203
225,Gremlins,7.3,199904,927,153083102.0,1984-06-07,0.73,0.10074186774494169
320,Big,7.3,198950,2280,151668774.0,1988-06-03,0.73,0.09981111809026087
550,'2 Guns',6.7,196582,136400,131940411.0,2013-08-02,0.67,0.08682815582855938
371,'When Harry Met Sally...',7.6,195564,639,92823546.0,1989-07-21,0.76,0.06108588911889511
227,'The Karate Kid',7.3,195539,1885,90815558.0,1984-06-22,0.73,0.05976446004614592
479,Orphan,7.0,190875,21208,41596251.0,2009-07-24,0.7,0.02737391627279279
164,'The Evil Dead',7.5,187288,764,29400000.0,1981-10-15,0.75,0.019347732525705454
457,'Blue Valentine',7.4,184243,46705,16566240.0,2010-12-27,0.74,0.010902012941382405
396,'Knight and Day',6.3,180289,37834,261930431.0,2010-06-15,0.63,0.17237278637179415
523,'Battle: Los Angeles',5.7,174373,44943,202466756.0,2011-03-08,0.5700000000000001,0.13324056600119966
127,Goldfinger,7.7,174046,658,124881062.0,1964-09-17,0.77,0.0821824960919061
393,'Zack and Miri Make a Porno',6.5,171915,10358,42105111.0,2008-09-18,0.65,0.02770878998616117
311,Spaceballs,7.1,171886,957,38119483.0,1987-06-24,0.71,0.025085903438849526
530,'Get Him to the Greek',6.4,169708,32823,90029656.0,2010-06-04,0.64,0.0592472688322882
536,'Anchorman 2: The Legend Continues',6.3,168906,109443,173649015.0,2013-12-18,0.63,0.11427601005347668
319,Akira,8.0,164829,149,553171.0,1988-07-16,0.8,0.0003640341683325514
397,Milk,7.5,164605,10139,54586584.0,2008-11-26,0.75,0.03592267437836574
78,'The Apartment',8.3,164281,284,25000000.0,1960-06-15,0.8300000000000001,0.016452153508252937
209,'Beverly Hills Cop',7.3,163679,90,316360478.0,1984-11-29,0.73,0.20819244592001104
350,'The Abyss',7.5,162691,2756,90000098.0,1989-08-09,0.75,0.059227817122152325
390,'He\'s Just Not That Into You',6.4,162137,10184,177259441.0,2009-02-06,0.64,0.11665198136476418
527,'Resident Evil: Afterlife',5.8,161909,35791,300228084.0,2010-09-09,0.58,0.19757594101826628
519,'Cars 2',6.1,161071,49013,559852396.0,2011-06-11,0.61,0.3684311024382085
544,Immortals,6.0,160753,37958,226904017.0,2011-11-10,0.6,0.14932238877292936
31,Metropolis,8.3,159924,19,650422.0,1927-01-10,0.8300000000000001,0.00042803370356579566
129,'Mary Poppins',7.8,157946,433,102272727.0,1964-08-27,0.78,0.0673042641724658
554,'Evil Dead',6.5,156555,109428,97542952.0,2013-04-05,0.65,0.06419166479808591
256,'Rambo: First Blood Part II',6.5,154611,1369,300400432.0,1985-05-21,0.65,0.1976893608483799
553,'Date Night',6.3,152335,35056,152263880.0,2010-04-08,0.63,0.10020274910088817
450,Adventureland,6.8,152142,16614,17164377.0,2009-04-03,0.6799999999999999,0.01129563861110104
96,'Dr. No',7.2,150098,646,59600000.0,1962-10-04,0.72,0.039221933963675
426,Invictus,7.3,149761,22954,122233971.0,2009-12-10,0.73,0.0804404821926135
294,'Evil Dead II',7.8,148299,765,5923044.0,1987-03-13,0.78,0.00389787316496546
242,Commando,6.7,146374,10999,57500000.0,1985-10-03,0.67,0.03783995306898175
173,Poltergeist,7.3,144480,609,122200000.0,1982-06-04,0.73,0.08041812634834035
313,'Wall Street',7.4,143684,10673,43848069.0,1987-12-10,0.74,0.028855806489138672
502,Pandorum,6.7,143592,19898,20645327.0,2009-09-08,0.67,0.013586403561283163
40,'On the Waterfront',8.1,142020,654,9600000.0,1954-06-22,0.8099999999999999,0.006317626947169128
120,'The Running Man',6.7,141210,865,38122105.0,1987-11-13,0.67,0.025087628940709473
460,'Crank: High Voltage',6.2,140517,15092,34560577.0,2009-04-16,0.62,0.02274383672551183
201,'Trading Places',7.5,136617,1621,90400000.0,1983-06-07,0.75,0.05949098708584262
409,'A Serious Man',7.0,133951,12573,31430334.0,2009-10-02,0.7,0.02068386719134646
183,'A Christmas Story',7.9,132913,850,19294144.0,1983-11-18,0.79,0.012697208755933494
588,'Jack the Giant Slayer',6.2,131743,81005,197687603.0,2013-02-27,0.62,0.13009547164938254
495,'An Education',7.3,128667,24684,26096852.0,2009-10-29,0.73,0.017173976607446306
512,'Last Vegas',6.6,128217,137093,134402450.0,2013-10-31,0.6599999999999999,0.0884483895714116
427,'The Invention of Lying',6.4,128205,23082,31912793.0,2009-09-13,0.64,0.02100136677252399
215,Dune,6.5,127421,841,30925690.0,1984-12-14,0.65,0.02035176796914571
250,'Mad Max Beyond Thunderdome',6.3,127048,9355,36230219.0,1985-06-29,0.63,0.023842604985024888
303,'The Lost Boys',7.3,124083,1547,32222567.0,1987-07-31,0.73,0.021205224748558613
268,'Big Trouble in Little China',7.3,123575,6978,11000000.0,1986-05-30,0.73,0.007238947543631292
515,'Jack Ryan: Shadow Recruit',6.2,123076,137094,50549107.0,2014-01-15,0.62,0.033265666722764126
360,Glory,7.8,122711,9665,26828365.0,1989-12-15,0.78,0.01765537517421761
274,Highlander,7.1,122083,8009,5900000.0,1986-03-07,0.71,0.003882708227947693
342,'Rambo III',5.8,121861,1370,189015611.0,1988-05-24,0.58,0.12438855390512889
488,'The Watch',5.7,121128,80035,68267862.0,2012-07-26,0.5700000000000001,0.044926133812169096
493,Bronson,7.1,120387,18533,2260712.0,2008-10-09,0.71,0.0014877432344779806
113,'From Russia with Love',7.4,120331,657,78898765.0,1963-10-11,0.74,0.05192218373566296
445,Blended,6.5,119695,232672,123494610.0,2014-05-21,0.65,0.08127009124647312
466,'Jennifer\'s Body',5.2,116120,19994,31556061.0,2009-09-18,0.52,0.02076660638751175
467,'Saw V',5.8,115124,11917,113857533.0,2008-10-23,0.58,0.07492806443947898
230,'Police Academy',6.7,114277,9336,146198896.0,1984-03-22,0.67,0.09621146718916425
346,Twins,6.1,114021,9493,216614388.0,1988-12-09,0.61,0.1425509265388905
534,'Let Me In',7.1,113592,41402,24145613.0,2010-10-01,0.71,0.015889893265074707
15,'The Kid',8.3,113240,4244,69700000.0,2000-07-07,0.8300000000000001,0.045868603981009184
176,'Star Trek II: The Wrath of Khan',7.7,112679,154,96800000.0,1982-06-03,0.77,0.06370273838395538
428,'Water for Elephants',6.9,111260,55787,114156230.0,2011-03-15,0.6900000000000001,0.07512463279533717
433,'Ghost Rider: Spirit of Vengeance',4.3,110963,71676,149217355.0,2011-12-10,0.43,0.09819787322221896
345,'They Live',7.3,110260,8337,13008928.0,1988-11-23,0.73,0.008560995217352395
291,'Beverly Hills Cop II',6.5,107464,96,299965036.0,1987-05-18,0.65,0.19740283277522475
465,'The Boat That Rocked',7.4,107329,18947,36348784.0,2009-04-01,0.74,0.02392063096825313
140,Thunderball,7.0,107082,660,141195658.0,1965-12-16,0.7,0.09291890560459128
516,'Out of the Furnace',6.8,106799,164457,15400000.0,2013-12-06,0.6799999999999999,0.01013452656108381
296,Hellraiser,7.0,104112,9003,14564027.0,1987-09-11,0.7,0.00958438431609362
6,'A Christmas Carol',6.8,103732,17979,325233863.0,2009-11-04,0.6799999999999999,0.21403189760632418
394,'The Iron Lady',6.4,103306,71688,114956699.0,2011-12-30,0.64,0.07565141035000107
434,'Meet the Spartans',2.8,101486,7278,84646831.0,2008-01-24,0.27999999999999997,0.05570490630396574
358,'Driving Miss Daisy',7.3,99358,403,145793296.0,1989-12-13,0.73,0.09594454745064636
503,'My Name Is Khan',8.0,98534,26022,42345360.0,2010-02-12,0.8,0.027866894523289342
220,Frankenweenie,6.9,98403,62214,35287788.0,2012-10-04,0.6900000000000001,0.023222404205707436
354,'Born on the Fourth of July',7.2,98381,2604,161001698.0,1989-12-20,0.72,0.10595298602341519
178,Tootsie,7.4,97918,9576,177200000.0,1982-12-16,0.74,0.11661286406649682
190,'National Lampoon\'s Vacation',7.4,97570,11153,61399552.0,1983-07-28,0.74,0.040406194193678344
477,'The Final Destination',5.2,97059,19912,186167139.0,2009-08-26,0.52,0.12251401396081048
93,'West Side Story',7.5,96994,1725,43656822.0,1961-10-18,0.75,0.028729949489058958
192,Octopussy,6.6,95615,700,187500000.0,1983-06-05,0.6599999999999999,0.12339115131189703
363,'Licence to Kill',6.6,94935,709,156167015.0,1989-07-07,0.6599999999999999,0.10277134814822556
521,'Leap Year',6.5,94926,25195,29922472.0,2010-01-08,0.65,0.01969156410761601
165,'Fast Times at Ridgemont High',7.2,94496,13342,27092880.0,1982-08-13,0.72,0.01782944882962703
366,'Pet Sematary',6.6,94310,8913,57469467.0,1989-04-21,0.6599999999999999,0.03781985972485905
301,'The Last Emperor',7.7,94252,746,43984230.0,1987-10-21,0.77,0.028945412156092164
98,Lolita,7.6,92831,802,9250000.0,1962-06-13,0.76,0.006087296798053587
421,'Year One',4.9,92100,17610,62357900.0,2009-06-18,0.49000000000000005,0.04103686973009143
420,'I Love You Phillip Morris',6.6,91508,8952,10652035.0,2009-01-18,0.6599999999999999,0.0070099565998113225
204,WarGames,7.1,90965,860,79567667.0,1983-06-03,0.71,0.05236237887110206
485,'The Rite',6.0,90910,48171,96047633.0,2011-01-28,0.6,0.06320761608881362
265,'Edge of Darkness',6.6,89705,12201,74901339.0,2010-01-29,0.6599999999999999,0.0492915330880677
357,'Do the Right Thing',8.0,89351,925,37295445.0,1989-06-30,0.8,0.024543615451944178
302,'The Living Daylights',6.7,89303,708,191185897.0,1987-06-29,0.67,0.12581678904228139
261,'A View to a Kill',6.4,88884,707,152427960.0,1985-05-24,0.64,0.10031072787479353
343,Scrooged,7.0,88824,9647,60328000.0,1988-11-22,0.7,0.039701020673835324
602,'Mr. Popper\'s Penguins',6.0,88347,58224,187361754.0,2011-06-17,0.6,0.12330017353534095
323,'Child\'s Play',6.6,87673,10585,44196684.0,1988-11-08,0.6599999999999999,0.02908522518894986
455,Killers,5.5,87371,37821,98159963.0,2010-06-04,0.55,0.06459771118561713
130,'My Fair Lady',7.8,86471,11113,72070731.0,1964-10-21,0.78,0.047428749194560145
263,Witness,7.4,86338,9281,68706993.0,1985-02-08,0.74,0.0452151198370584
410,Selma,7.5,86312,273895,66787908.0,2014-12-25,0.75,0.04395219659644298
486,Biutiful,7.5,86186,45958,25147786.0,2010-10-20,0.75,0.016549409426587763
441,'Eddie the Eagle',7.4,85609,319888,46152800.0,2016-02-26,0.74,0.030372518017427845
592,'Cop Out',5.6,85165,23742,55583804.0,2010-02-26,0.5599999999999999,0.03657893103922574
415,'Righteous Kill',6.0,84718,13389,73174566.0,2008-09-11,0.6,0.04815516770927144
581,'August: Osage County',7.2,84710,152737,74188937.0,2013-12-26,0.72,0.04882271120552424
555,'Harry Brown',7.2,84094,25941,10329747.0,2009-11-11,0.72,0.00679786333381661
203,Videodrome,7.2,83876,837,2120439.0,1983-02-04,0.72,0.0013954315173154539
471,'Sex Drive',6.5,83787,13523,18755936.0,2008-10-16,0.65,0.012343021530518703
558,'How to Be Single',6.1,81010,259694,112343513.0,2016-01-21,0.61,0.07393170886129638
425,Goosebumps,6.3,80892,257445,158162788.0,2015-08-05,0.63,0.10408473869877062
332,'The Land Before Time',7.4,79931,12144,84460846.0,1988-11-18,0.74,0.05558251215315644
378,'Days of Thunder',6.1,79241,2119,157920733.0,1990-06-27,0.61,0.10392544565807302
287,'Star Trek IV: The Voyage Home',7.3,78931,168,133000000.0,1986-11-25,0.73,0.08752545666390563
241,'The Color Purple',7.8,78280,873,146292009.0,1985-12-18,0.78,0.09627274356394881
412,Centurion,6.4,78269,23759,6814789.0,2010-02-15,0.64,0.004484718190174141
524,'Legend of the Guardians: The Owls of Ga\'Hoole',6.9,77798,41216,140073390.0,2010-07-10,0.6900000000000001,0.09218035658805528
411,'Eden Lake',6.8,76826,13510,3983997.0,2008-09-12,0.6799999999999999,0.002621813208816767
292,Bloodsport,6.8,76821,11690,11806119.0,1988-02-26,0.6799999999999999,0.007769443284988066
295,'Fatal Attraction',6.9,76617,10998,320145693.0,1987-09-11,0.6900000000000001,0.2106834434496807
213,'Conan the Destroyer',5.9,76034,9610,100000000.0,1984-06-29,0.5900000000000001,0.06580861403301175
193,'The Outsiders',7.1,75533,227,33697647.0,1983-03-25,0.71,0.022175954452436763
481,Beastly,5.6,75461,38117,43165571.0,2011-01-21,0.5599999999999999,0.02840666401453565
87,'The Hustler',8.0,75049,990,7600000.0,1961-09-25,0.8,0.005001454666508893
269,'The Color of Money',7.0,74863,11873,52293982.0,1986-10-07,0.7,0.03441394477687264
235,'Star Trek III: The Search for Spock',6.7,74797,157,87000000.0,1984-05-31,0.67,0.05725349420872022
547,'Sex and the City 2',4.5,74335,37786,288347692.0,2010-05-26,0.45,0.1897576197013775
525,'The Fourth Kind',5.9,73764,22824,42333295.0,2009-11-06,0.5900000000000001,0.02785895471400626
150,'Star Trek',8.3,73444,13475,385680446.0,2009-05-06,0.8300000000000001,0.2538109561089383
252,'Out of Africa',7.2,72774,606,128499205.0,1985-12-20,0.72,0.08456354585393853
507,'Enter the Void',7.3,71108,34647,754249.0,2009-05-05,0.73,0.0004963608132578508
101,'The Manchurian Candidate',7.9,71108,14462,96105964.0,2004-07-30,0.79,0.06324600291146522
459,'Seventh Son',5.5,71055,68737,114178613.0,2014-12-12,0.55,0.07513936273741617
305,'A Nightmare on Elm Street 3: Dream Warriors',6.6,70994,10072,44793222.0,1987-02-27,0.6599999999999999,0.029477798578930105
217,Footloose,6.6,70331,1788,80035402.0,1984-02-17,0.6599999999999999,0.05267018879194937
438,Quarantine,5.9,70259,13812,40855419.0,2008-10-10,0.5900000000000001,0.026886385001279746
136,'Doctor Zhivago',8.0,69873,907,111858363.0,1965-12-22,0.8,0.07361243837031523
88,'Judgment at Nuremberg',8.2,69420,821,10000000.0,1961-12-01,0.82,0.006580861403301175
234,Splash,6.3,69252,2619,69821334.0,1984-03-09,0.63,0.04594845220476
575,Oldboy,5.7,69000,670,14980005.0,2003-01-01,0.5700000000000001,0.009858133672575861
100,'The Man Who Shot Liberty Valance',8.1,68802,11697,8000000.0,1962-04-22,0.8099999999999999,0.005264689122640939
500,'Ninja Assassin',6.3,68221,22832,60462347.0,2009-09-29,0.63,0.03978943257253026
583,Frozen,6.1,67929,109445,1274219009.0,2013-11-27,0.61,0.8385458695680772
623,'The Hunt',6.5,67206,103663,16800000.0,2012-08-28,0.65,0.011055847157545973
501,Agora,7.2,66029,26428,39041505.0,2009-05-17,0.72,0.025692673338128982
403,'Child 44',6.5,66001,181283,3324330.0,2015-03-15,0.65,0.0021876954988836192
277,'Little Shop of Horrors',7.0,65970,10776,38748395.0,1986-12-19,0.7,0.02549978170953682
573,'Gulliver\'s Travels',4.9,65652,38745,237382724.0,2010-12-25,0.49000000000000005,0.15621828061820955
326,'Dangerous Liaisons',7.6,64536,859,34670720.0,1988-12-16,0.76,0.02281632030726621
200,'Superman III',5.0,64225,9531,75850624.0,1983-06-17,0.5,0.049916244389790976
532,'The Debt',6.8,64060,48289,45636368.0,2010-04-11,0.6799999999999999,0.03003266127580488
492,'Whip It',6.9,63955,22798,16633035.0,2009-09-13,0.6900000000000001,0.010945969805125756
374,Arachnophobia,6.4,63336,6488,53208180.0,1990-08-09,0.64,0.03501556581019015
368,'Road House',6.6,63325,10135,30050028.0,1989-05-19,0.6599999999999999,0.01977550694333196
243,'Day of the Dead',7.2,63285,8408,34000000.0,1985-07-19,0.72,0.022374928771223993
538,Aloha,5.4,62589,222936,26250020.0,2015-05-27,0.54,0.01727477434538839
184,'The Dead Zone',7.2,62443,11336,20766616.0,1983-10-21,0.72,0.013666222171157663
364,'Major League',7.2,62056,9942,49797148.0,1989-02-16,0.72,0.03277081292676763
191,'Never Say Never Again',6.2,61996,36670,160000000.0,1983-10-07,0.62,0.1052937824528188
251,'A Nightmare on Elm Street Part 2: Freddy\'s Revenge',5.5,61683,10014,29999213.0,1985-10-31,0.55,0.019742066296111083
562,'The Boondock Saints II: All Saints Day',6.3,61500,22821,10629321.0,2009-11-24,0.63,0.006995008831219864
246,'Fright Night',7.1,61460,58151,24922237.0,2011-08-18,0.71,0.016400978755722447
517,'Brooklyn\'s Finest',6.7,60874,26390,29536299.0,2009-01-16,0.67,0.01943742900854631
511,'Observe and Report',5.8,60855,16991,24007324.0,2009-04-10,0.58,0.015798887190814598
548,'The Devil\'s Double',7.1,60181,62630,5728213.0,2011-02-11,0.71,0.003769657584158803
249,Legend,6.5,59887,276907,42972994.0,2015-09-09,0.65,0.028279931759889295
469,Takers,6.2,57995,22907,69055695.0,2010-08-26,0.62,0.04544459579036379
452,'The Darkest Hour',4.9,57846,71469,64626786.0,2011-12-22,0.49000000000000005,0.04252999216068047
379,'Dick Tracy',6.1,57638,8592,103738726.0,1990-06-15,0.61,0.0682690177961036
528,Zookeeper,5.2,57478,38317,169852759.0,2011-07-06,0.52,0.11177774659473162
582,'Going the Distance',6.3,56611,38073,42045846.0,2010-09-01,0.63,0.02766978851105451
195,'The Right Stuff',7.8,56222,9549,21500000.0,1983-10-20,0.78,0.014148852017097525
370,'Star Trek V: The Final Frontier',5.5,56043,172,70200000.0,1989-06-09,0.55,0.04619764705117425
436,'Race to Witch Mountain',5.7,55818,13836,106303988.0,2009-03-12,0.5700000000000001,0.06995718116461912
437,'Jonah Hex',4.7,55400,20533,10539000.0,2010-06-18,0.47000000000000003,0.006935569832939108
257,'The Return of the Living Dead',7.3,54628,10925,14237000.0,1985-05-15,0.73,0.009369172379879883
348,'Young Guns',6.9,54575,11967,44726644.0,1988-08-12,0.6900000000000001,0.029433984519879205
253,'Pale Rider',7.3,52990,8879,41410568.0,1985-06-28,0.73,0.02725172086399787
417,'The Legend of Hercules',4.2,52591,188207,61279452.0,2014-01-10,0.42000000000000004,0.0403271580482247
462,'Free State of Jones',6.9,52482,316152,25035950.0,2016-06-24,0.6900000000000001,0.016475811704997803
333,'The Last Temptation of Christ',7.5,52278,11051,8373585.0,1988-08-12,0.75,0.005510540233376167
99,'The Longest Day',7.8,52138,9289,50100000.0,1962-09-25,0.78,0.032970115630538886
498,'Away We Go',7.0,51814,19255,14899417.0,2009-06-05,0.7,0.009805099826698938
273,'The Golden Child',6.0,51474,10136,79817939.0,1986-12-12,0.6,0.052527079405614754
231,'Red Dawn',6.4,51229,1880,38376497.0,1984-08-10,0.64,0.025255040790120333
335,'A Nightmare on Elm Street 4: The Dream Master',5.7,50131,10131,72500000.0,1988-08-19,0.5700000000000001,0.04771124517393351
353,'Black Rain',6.7,49554,4105,45892212.0,1989-09-22,0.67,0.0302010286662915
513,Ouija,4.5,48406,242512,103590271.0,2014-10-24,0.45,0.06817132161814089
571,'The Last Exorcism',5.6,47913,38358,67738090.0,2010-08-27,0.5599999999999999,0.044577498201434126
185,Flashdance,6.2,47828,535,92921203.0,1983-04-14,0.62,0.06115015583710133
470,Duplicity,6.1,47754,16558,60000000.0,2009-03-19,0.61,0.039485168419807044
169,'Friday the 13th Part III',5.7,47720,9728,36690067.0,1982-08-13,0.5700000000000001,0.02414522458048341
577,'The Beaver',6.6,47362,50780,970816.0,2011-02-11,0.6599999999999999,0.0006388805544107234
574,'Death at a Funeral',5.7,46940,2196,46.0,2007-02-09,0.5700000000000001,3.0271962455185403e-08
549,'Don\'t Be Afraid of the Dark',5.6,46927,46261,36993168.0,2010-11-06,0.5599999999999999,0.02434469114770361
405,'The Runaways',6.5,46350,27586,2995811.0,2010-03-19,0.65,0.0019715016981485096
496,W.,6.3,46216,10523,29506464.0,2008-10-17,0.63,0.01941779500854956
221,'Friday the 13th: The Final Chapter',6.0,45429,9730,32980880.0,1984-04-13,0.6,0.021704260023890764
376,'Child\'s Play 2',5.9,45296,11186,35763605.0,1990-11-09,0.5900000000000001,0.02353553277874089
62,'Cat on a Hot Tin Roof',8.0,45037,261,17570324.0,1958-02-17,0.8,0.01156278670550963
529,Extract,6.1,45032,12569,10848783.0,2009-09-03,0.61,0.007139433731748993
520,'Kill the Messenger',6.9,44440,245916,2450846.0,2014-10-09,0.6900000000000001,0.001612867784683507
330,'Halloween 4: The Return of Michael Myers',5.9,44066,11357,17768757.0,1988-10-21,0.5900000000000001,0.011693372712593757
186,'Halloween III: Season of the Witch',5.0,43939,10676,14400000.0,1982-10-22,0.5,0.009476440420753691
247,Ladyhawke,7.0,43270,526,18432000.0,1985-03-27,0.7,0.012129843738564725
275,'Howard the Duck',4.7,43194,10658,37962774.0,1986-08-01,0.47000000000000003,0.024982775417884535
312,'Superman IV: The Quest for Peace',3.7,43067,11411,19300000.0,1987-07-23,0.37,0.012701062508371268
509,'Diary of a Wimpy Kid',6.2,42851,33217,75700498.0,2010-03-19,0.62,0.049817448549887774
161,Creepshow,6.9,42409,16281,21028755.0,1982-11-12,0.6900000000000001,0.01383873221389766
64,Dracula,6.8,41539,6114,215862692.0,1992-11-13,0.6799999999999999,0.14205624581954893
429,'Monte Carlo',5.8,41261,59860,17425000.0,2011-07-01,0.58,0.011467150995252296
299,'Jaws: The Revenge',3.0,41213,580,51881013.0,1987-07-17,0.3,0.034142175601586645
551,'The Spy Next Door',5.5,40799,23172,45236543.0,2010-01-15,0.55,0.02976954198474739
128,'A Hard Day\'s Night',7.6,40322,704,12299668.0,1964-07-06,0.76,0.008094241041461855
157,Annie,6.6,39961,196867,133821816.0,2014-12-19,0.6599999999999999,0.08806628238340716
283,'A Room with a View',7.3,39659,11257,20966644.0,1985-12-13,0.73,0.013797857825635616
272,'Friday the 13th Part VI: Jason Lives',6.0,38905,10225,19472057.0,1986-08-01,0.6,0.012814290835418046
175,'Porky\'s',6.2,38528,10246,125728258.0,1981-11-13,0.62,0.08274002403764921
369,'Sea of Love',6.8,37949,12150,110879513.0,1989-09-15,0.6799999999999999,0.07296827075185308
279,'Nine 1/2 Weeks',6.0,37448,10068,6735922.0,1986-02-14,0.6,0.004432816910544726
540,'Soul Kitchen',7.3,36470,31175,17872796.0,2009-09-09,0.73,0.011761839336547562
85,'The Time Machine',7.6,36191,2135,123729176.0,2002-03-04,0.76,0.0814244558800658
179,'The Verdict',7.7,36086,24226,53977250.0,1982-12-08,0.77,0.035521680118133836
566,Defendor,6.8,35514,34769,44462.0,2009-09-12,0.6799999999999999,2.925982597135768e-05
361,'Halloween 5: The Revenge of Michael Myers',5.1,34984,11361,11642254.0,1989-10-12,0.51,0.007661605999602871
115,'The Haunting',7.5,34975,11618,91188905.0,1999-07-23,0.75,0.06001015453237975
245,'Friday the 13th: A New Beginning',4.8,34053,9731,21930418.0,1985-03-22,0.48,0.014432104137446134
232,'Repo Man',6.9,33951,13820,2300000.0,1984-02-20,0.6900000000000001,0.00151359812275927
359,'Friday the 13th Part VIII: Jason Takes Manhattan',4.6,33812,10283,14000000.0,1989-07-28,0.45999999999999996,0.009213205964621645
47,'The Trouble with Harry',7.1,33771,11219,7000000.0,1955-10-03,0.71,0.0046066029823108225
202,'Twilight Zone: The Movie',6.5,33135,15301,29450919.0,1983-06-24,0.65,0.019381241613884923
281,'Peggy Sue Got Married',6.4,32950,10013,41382841.0,1986-10-05,0.64,0.02723347410958494
76,'The Flintstones',7.5,32852,888,341631208.0,1994-05-26,0.75,0.22482276308903554
328,'Friday the 13th Part VII: The New Blood',5.3,32789,10281,19170001.0,1988-05-13,0.53,0.012615511968214492
447,Safe,7.3,31559,72387,40346186.0,2012-04-16,0.73,0.02655126582178102
255,'The Protector',6.7,31385,8982,27165581.0,2005-08-11,0.67,0.017877292350115172
494,'City Island',7.4,30586,28053,6670712.0,2009-03-06,0.74,0.004389903113333799
188,Krull,6.1,30339,849,16519460.0,1983-07-29,0.61,0.010871227671737762
440,'The Wackness',7.0,29844,13990,2899975.0,2008-07-03,0.7,0.0019084333548038323
108,Cleopatra,7.0,29430,8095,71000000.0,1963-06-12,0.7,0.04672411596343834
216,Firestarter,6.1,29330,11495,17080167.0,1984-05-11,0.61,0.011240221177223841
531,Pontypool,6.6,29305,23963,32000.0,2009-03-06,0.6599999999999999,2.1058756490563758e-05
210,'Body Double',6.8,28987,11507,8801940.0,1984-10-25,0.6799999999999999,0.005792434722017274
300,'La Bamba',6.9,28650,16620,54215416.0,1987-07-24,0.6900000000000001,0.035678413861831695
288,'The Texas Chainsaw Massacre 2',5.6,28042,16337,8025872.0,1986-08-22,0.5599999999999999,0.00528171512726356
484,'12 Rounds',5.6,27261,17134,17280326.0,2009-03-19,0.5599999999999999,0.011371943040986177
408,'The Sisterhood of the Traveling Pants 2',6.2,27062,10188,44352417.0,2008-08-06,0.62,0.029187710917841888
414,Secretariat,7.2,26540,39486,60251371.0,2010-08-20,0.72,0.03965059219098797
95,'Cape Fear',7.7,26445,1598,182300000.0,1991-11-15,0.77,0.11996910338218042
166,Firefox,6.0,25141,10724,70687344.0,1982-06-13,0.6,0.046518361383147286
49,'Around the World in 80 Days',6.8,24770,10204,72178895.0,2004-06-16,0.6799999999999999,0.04749993042384281
211,'The Bounty',7.1,24707,2669,8613462.0,1984-05-04,0.71,0.005668399962460134
258,'Return to Oz',6.8,24683,13155,11137801.0,1985-06-21,0.6799999999999999,0.007329632471854922
65,'House on Haunted Hill',6.9,23530,11377,40846082.0,1999-10-29,0.6900000000000001,0.026880240450987487
383,Cursed,5.8,22859,10012,19294901.0,2005-02-25,0.58,0.012697706927141724
404,'Beverly Hills Chihuahua',3.8,22837,14405,149281606.0,2008-10-03,0.38,0.09824015591482131
10,'The Birth of a Nation',6.3,22736,339408,15861566.0,2016-09-09,0.63,0.01043827674853142
293,'Creepshow 2',6.1,22587,16288,14000000.0,1987-05-01,0.61,0.009213205964621645
367,'The Punisher',5.7,21712,7220,54700105.0,2004-04-15,0.5700000000000001,0.03599738097510216
399,Home,8.6,21412,228161,368871007.0,2015-03-18,0.86,0.24274889727631374
568,'Mars Needs Moms',5.4,21119,50321,38992758.0,2011-03-09,0.54,0.02566059361304631
158,'The Beastmaster',6.2,20873,16441,14056528.0,1982-08-20,0.62,0.009250406257962225
407,'Our Brand Is Crisis',6.1,20609,10317,7002261.0,2015-09-11,0.61,0.004608090915074109
564,'Yogi Bear',4.6,20504,41515,201584141.0,2010-12-11,0.45999999999999996,0.13265972930245218
624,'The Order',6.8,20332,9616,11560806.0,2003-09-05,0.6799999999999999,0.007608006199645264
207,Transformers,8.0,20324,1858,709709780.0,2007-06-27,0.8,0.4670501698747368
81,'Ocean\'s Eleven',6.6,20016,161,450717150.0,2001-12-07,0.6599999999999999,0.2966107096240906
329,Hairspray,6.9,19792,2976,90450008.0,2007-07-13,0.6900000000000001,0.059523896657548245
116,Hud,7.8,19575,24748,10000000.0,1963-05-29,0.78,0.006580861403301175
610,'The Rookie',8.1,19526,14635,75597042.0,2002-03-25,0.8099999999999999,0.049749365590153784
605,War,6.5,19376,10431,40452643.0,2007-08-24,0.65,0.026621323698022142
442,Wanted,6.6,18830,8909,258270008.0,2008-06-19,0.6599999999999999,0.16996391272774855
58,'3:10 to Yuma',7.6,18176,5176,70016220.0,2007-09-06,0.76,0.046076703980304376
443,'The Prince',4.6,17576,241254,266586800.0,2014-08-22,0.45999999999999996,0.17543707827495697
91,'The Misfits',7.3,17280,11536,8200000.0,1961-01-01,0.73,0.0053963063507069635
373,'The Adventures of Ford Fairlane',6.5,17155,9548,20423389.0,1990-07-11,0.65,0.013440349239470578
337,'Poltergeist III',4.7,17014,10306,14144000.0,1988-06-10,0.47000000000000003,0.009307970368829181
53,'Moby Dick',7.3,16995,10339,10400000.0,1956-06-27,0.73,0.006844095859433221
229,'A Passage to India',7.3,16990,15927,27187653.0,1984-12-14,0.73,0.01789181762740454
26,'The Phantom of the Opera',7.6,16743,9833,154648887.0,2004-12-08,0.76,0.10177228915217848
214,'The Cotton Club',6.6,16556,2148,25928721.0,1984-12-14,0.6599999999999999,0.017063331926586465
539,'Extraordinary Measures',6.4,16285,27569,15134293.0,2010-01-21,0.64,0.009959668466995114
70,'Journey to the Center of the Earth',7.0,15763,88751,101702060.0,2008-07-10,0.7,0.06692871612902203
559,'Solitary Man',6.3,15605,36691,5024782.0,2009-09-07,0.63,0.0033067393923802485
117,'The Nutty Professor',6.6,15497,9327,128769345.0,1996-06-26,0.6599999999999999,0.08474132124388731
289,'The Wraith',6.0,14883,10017,3500000.0,1986-11-21,0.6,0.0023033014911554113
398,'Dylan Dog: Dead of Night',5.1,14661,43935,4634062.0,2011-03-16,0.51,0.0030496119756304647
122,'The Addams Family',8.0,14476,2907,191502426.0,1991-11-22,0.8,0.12602509239019394
278,'My Beautiful Laundrette',6.8,14399,11240,2451545.0,1985-09-07,0.6799999999999999,0.0016133277868955978
77,'The Alamo',6.9,14383,10733,25819961.0,2004-04-07,0.6900000000000001,0.01699175847796416
270,Crossroads,7.1,14377,17130,61141030.0,2002-02-15,0.71,0.04023606444850792
141,'The Train',7.8,14357,3482,6800000.0,1964-09-21,0.78,0.0044749857542447985
599,Marmaduke,4.3,14342,38579,83761844.0,2010-06-04,0.43,0.05512250862489341
260,Subway,6.6,14066,10656,390659.0,1985-04-10,0.6599999999999999,0.00025708727349522335
182,'Bad Boys',7.2,13933,9737,141407024.0,1995-04-07,0.72,0.09305800263972829
473,'Post Grad',5.3,13682,25704,6405245.0,2009-08-21,0.53,0.004215202959918783
151,Alfie,7.0,13520,8849,13395939.0,2004-10-22,0.7,0.008815681792607694
336,'Phantasm II',6.5,13359,15158,7282851.0,1988-07-08,0.65,0.004792743305189336
406,Race,6.7,13064,323677,24804129.0,2016-02-19,0.67,0.016323253517860337
248,'The Last Dragon',6.9,12983,13938,25754284.0,1985-03-22,0.6900000000000001,0.0169485373545257
578,Carlos,7.6,12972,43434,871279.0,2010-05-19,0.76,0.0005733766342606845
205,Yentl,6.6,12648,10269,30400000.0,1983-11-18,0.6599999999999999,0.020005818666035572
344,'Talk Radio',7.3,12580,10132,3468572.0,1988-12-21,0.73,0.002282619159937116
121,'Tom Jones',6.5,11678,5769,37600000.0,1963-10-06,0.65,0.024744038876412418
284,'Running Scared',6.6,11370,7304,9500000.0,2006-01-06,0.6599999999999999,0.006251818333136116
474,'Madea Goes to Jail',4.5,11332,15670,90508336.0,2009-02-16,0.45,0.05956228150594142
189,'Lone Wolf McQuade',6.4,10985,14854,12232628.0,1983-04-14,0.64,0.008050122946614124
133,'Get Smart',8.2,10955,11665,230685453.0,2008-06-19,0.82,0.15181089939507472
290,'21 Jump Street',7.2,10899,64688,201585328.0,2012-03-12,0.72,0.13266051045070076
212,C.H.U.D.,5.6,10785,23730,3412497.0,1984-08-31,0.5599999999999999,0.002245716979618105
497,'Me and Orson Welles',6.7,10716,12404,2336172.0,2009-11-25,0.67,0.0015374024146272913
118,'The Raven',6.6,10636,70436,29657751.0,2012-03-09,0.6599999999999999,0.019517354886461682
80,'Elmer Gantry',7.8,10385,22013,10400000.0,1960-06-19,0.78,0.006844095859433221
298,Ishtar,4.4,10252,12704,14375181.0,1987-05-15,0.44000000000000006,0.009460107380836838
318,'Action Jackson',5.5,10129,10117,20256975.0,1988-02-12,0.55,0.01333083449251368
308,'Project X',6.1,10096,57214,100000000.0,2012-03-01,0.61,0.06580861403301175
159,'The Best Little Whorehouse in Texas',6.0,9929,16363,69701637.0,1982-07-23,0.6,0.045869681268020907
72,'The Nun\'s Story',7.6,9404,27029,12800000.0,1959-06-18,0.76,0.008423502596225504
506,'An American Carol',4.1,9392,13948,7000000.0,2008-10-03,0.41,0.0046066029823108225
137,'The Greatest Story Ever Told',6.6,9156,2428,15473333.0,1965-02-15,0.6599999999999999,0.010182785992012637
491,'Baggage Claim',5.1,8782,175528,22456509.0,2013-09-27,0.51,0.014778317333098546
126,'The Fall of the Roman Empire',6.7,8246,17277,4750000.0,1964-03-24,0.67,0.003125909166568058
526,'I Hope They Serve Beer in Hell',5.3,8212,30128,1429299.0,2009-09-25,0.53,0.0009406018622876965
148,'Mission: Impossible',7.9,8068,954,457696359.0,1996-05-22,0.79,0.30120363033745784
172,'The Man from Snowy River',7.3,7996,24266,20659423.0,1982-03-02,0.73,0.013595679943517257
276,'Invaders from Mars',5.6,7951,31909,4884663.0,1986-01-01,0.5599999999999999,0.0032145290204833327
109,'Donovan\'s Reef',6.9,7753,15875,6600000.0,1963-06-12,0.6900000000000001,0.004343368526178775
12,'The Immigrant',7.6,7547,152599,5867686.0,2013-07-03,0.76,0.003861442832409066
48,Anastasia,7.0,7546,9444,139804348.0,1997-11-20,0.7,0.09200330377668858
552,'The Tempest',5.3,7424,44638,346594.0,2010-12-10,0.53,0.00022808870772157673
432,'Mao\'s Last Dancer',7.3,7411,33870,20719451.0,2009-10-01,0.73,0.013635183538348992
138,'Major Dundee',6.7,7089,29715,14873.0,1965-04-07,0.67,9.787715165129838e-06
630,'High Fidelity',7.6,7082,243,47126295.0,2000-03-17,0.76,0.031013161584608512
317,'War of the Worlds',6.2,7015,74,591739379.0,2005-06-28,0.62,0.3894154840074506
454,Shorts,4.7,6849,25132,28972508.0,2009-08-21,0.47000000000000003,0.01906640596540345
86,'The Avengers',8.3,6779,24428,1519557910.0,2012-04-25,0.8300000000000001,1.0
627,Pinocchio,6.2,6770,10895,84300000.0,1940-02-23,0.62,0.0554766616298289
567,'Our Family Wedding',5.0,6733,34563,21409028.0,2010-03-12,0.5,0.014088984604739414
482,Freakonomics,6.4,6693,43942,103735.0,2010-10-01,0.64,6.826656576714474e-05
351,'The BFG',6.7,6601,267935,183345589.0,2016-06-01,0.67,0.12065719101156204
349,Beetlejuice,7.3,6588,4011,73326666.0,1988-02-29,0.73,0.048255262611215655
135,'Lost in Space',7.3,6587,2157,136159423.0,1998-04-03,0.73,0.08960462915164583
321,'The Blood of Heroes',6.5,6363,21512,882290.0,1989-10-19,0.65,0.0005806228207518593
25,'The Big Parade',7.9,6186,3060,22000000.0,1925-11-05,0.79,0.014477895087262584
92,'Pocketful of Miracles',7.2,6149,248,5000000.0,1961-12-18,0.72,0.0032904307016505875
107,'55 Days at Peking',6.7,6009,27759,10000000.0,1963-05-06,0.67,0.006580861403301175
638,Special,7.6,5844,13856,7202.0,2006-01-30,0.76,4.739536382657506e-06
576,'10 Things I Hate About You',7.3,5643,4951,53478166.0,1999-03-30,0.73,0.03519323985487332
372,'The Woman in Black',7.2,4885,65086,127730736.0,2012-02-01,0.72,0.08405782705576519
23,'The Hunchback of Notre Dame',7.2,4845,10545,100138851.0,1996-06-21,0.72,0.06589998995168272
123,'The Man from U.N.C.L.E.',7.7,4783,203801,108145109.0,2015-08-13,0.77,0.07116879737738985
156,'Alone in the Dark',6.1,4646,12142,10442808.0,2005-01-28,0.61,0.006872267210928473
34,College,9.0,4638,13991,6230276.0,2008-08-28,0.9,0.004100058286031363
94,'The Saint',7.5,4563,10003,118063304.0,1997-04-03,0.75,0.07769582404398132
233,Sheena,4.9,4463,24264,5778353.0,1984-08-17,0.49000000000000005,0.003802654023234955
612,Wanderlust,7.0,4455,50647,24159934.0,2012-02-23,0.7,0.015899317716690377
73,'The Shaggy Dog',6.5,4435,10067,61112916.0,2006-03-09,0.65,0.04021756301475868
237,'The Equalizer',7.8,4348,156022,192330738.0,2014-09-24,0.78,0.12657019303726305
609,'Four Weddings and a Funeral',7.2,4248,712,254700832.0,1994-03-09,0.72,0.16761508746974968
56,Trapeze,6.8,4217,40494,14400000.0,1956-05-30,0.6799999999999999,0.009476440420753691
608,Brother,7.3,4157,327,15250000.0,2000-09-09,0.73,0.01003581364003429
322,'The Bourne Identity',6.9,4062,2501,214034224.0,2002-06-14,0.6900000000000001,0.1408529563707118
124,Thunderbirds,7.9,3928,14623,28283637.0,2004-07-23,0.79,0.018613069507828102
338,Prison,5.8,3865,48309,354704.0,1988-03-04,0.58,0.000233425786319654
570,'Dark Blue',7.6,3844,4911,9237470.0,2002-12-14,0.76,0.00607905097871525
14,Neighbors,7.6,3767,195589,268157400.0,2014-05-08,0.76,0.17647066836695943
52,'Love Me Tender',6.2,3641,39833,9000000.0,1956-11-15,0.62,0.005922775262971057
89,'The Ladies Man',6.4,3619,16888,13700000.0,2000-10-13,0.64,0.00901578012252261
38,'The Egyptian',6.6,3543,24973,15000000.0,1954-08-25,0.6599999999999999,0.009871292104951761
55,'The Rainmaker',7.0,3514,11975,45916769.0,1997-11-18,0.7,0.030217189287639588
187,Hercules,4.0,3502,184315,243400000.0,2014-07-23,0.4,0.1601781665563506
297,'Hot Pursuit',5.9,3411,268920,51680201.0,2015-05-08,0.5900000000000001,0.03401002400757468
104,'The Fugitive',8.0,3372,5503,368875760.0,1993-08-06,0.8,0.24275202515973873
622,Burn,5.7,3261,139948,111300.0,2012-11-01,0.5700000000000001,7.324498741874207e-05
596,'Mortal Kombat',8.4,3253,9312,122195920.0,1995-08-18,0.8400000000000001,0.0804154413568878
392,'The Young Messiah',5.6,3188,318850,6490401.0,2016-03-10,0.5599999999999999,0.004271242943284735
84,'School for Scoundrels',7.4,3187,9842,17807569.0,2006-09-29,0.74,0.011718914351872249
125,'The Best Man',7.6,3078,16162,34573780.0,1999-10-22,0.76,0.02275252543682261
590,'Lights Out',8.0,3027,345911,44107032.0,2016-07-21,0.8,0.029026226450296982
153,'The Wave',7.1,2967,7735,19000000.0,2008-03-11,0.71,0.012503636666272232
74,'Solomon and Sheba',6.2,2913,29996,12200000.0,1959-12-25,0.62,0.008028650912027433
580,Watchmen,8.6,2900,13183,185258983.0,2009-03-05,0.86,0.12191636908395284
325,Chocolat,7.3,2751,392,152500343.0,2000-12-14,0.73,0.10035836212388904
271,Fortress,7.1,2659,12088,6739141.0,1992-09-30,0.71,0.004434935289830448
35,Underworld,7.6,2637,277,95708457.0,2003-09-19,0.76,0.06298440906408101
147,'The Green Hornet',7.4,2588,40805,227817248.0,2011-01-12,0.74,0.14992337343694917
152,'Under the Rainbow',5.5,2553,47941,2297493.0,1981-07-31,0.55,0.0015119483008054625
60,'A Farewell to Arms',5.9,2405,22649,25.0,1932-12-08,0.5900000000000001,1.6452153508252938e-08
611,Barbershop,9.1,2375,10611,75781642.0,2002-04-01,0.9099999999999999,0.04987084829165872
603,'The Cave',7.5,2366,9042,15007991.0,2005-08-25,0.75,0.00987655087129914
9,Cinderella,7.8,2309,150689,543514353.0,2015-03-12,0.78,0.357679262779791
560,'The Call',4.4,2231,158011,68572378.0,2013-03-14,0.44000000000000006,0.04512653157127786
262,Water,6.2,2224,7509,10422387.0,2005-09-08,0.62,0.006858828433856792
112,Flipper,6.3,2219,36355,20080020.0,1996-05-17,0.63,0.013214382859551566
106,'My Favorite Martian',7.3,2144,9849,36850101.0,1999-02-11,0.73,0.024250540737865003
340,Pulse,5.5,2122,9682,29907685.0,2006-08-11,0.55,0.01968183298785895
615,Driven,6.2,2074,10477,54744738.0,2001-04-27,0.62,0.036026753333803514
621,Abduction,4.8,2057,59965,82087155.0,2011-09-22,0.48,0.0540204190046301
20,'Robin Hood',7.2,2003,20662,310669540.0,2010-05-12,0.72,0.20444731849673303
309,'The Quick and the Dead',7.0,1995,12106,18552460.0,1995-02-09,0.7,0.01220911679502889
134,'I Spy',7.1,1959,8427,33561137.0,2002-10-31,0.71,0.0220861191134203
620,'The Village',7.4,1920,6947,256697520.0,2004-07-30,0.74,0.16892908016911312
347,Twister,5.2,1914,664,494471524.0,1996-05-10,0.52,0.32540485673231107
617,Infamous,4.0,1896,9672,1151330.0,2006-11-16,0.4,0.0007576743159462741
304,'Man on Fire',5.9,1804,9509,130293714.0,2004-04-23,0.5900000000000001,0.08574448735553619
478,'Bran Nue Dae',6.2,1740,38415,7.0,2009-08-09,0.62,4.606602982310822e-09
631,Control,8.2,1687,5708,8159508.0,2007-09-26,0.82,0.005369659126712716
628,Savages,9.0,1677,82525,82966152.0,2012-07-06,0.9,0.054598874747721855
66,'The Quiet American',6.8,1672,8198,27674124.0,2002-11-22,0.6799999999999999,0.01821195745017707
633,Frenzy,2.8,1664,573,12600000.0,1972-05-25,0.27999999999999997,0.00829188536815948
18,'Grandma\'s Boy',7.0,1651,9900,6538177.0,2006-01-06,0.7,0.004302683666725146
32,'The Scarlet Letter',7.6,1562,10533,10382407.0,1995-10-13,0.76,0.006832518149966394
11,'By the Sea',5.8,1544,314385,3727746.0,2015-11-12,0.58,0.002453177977271034
315,Monsters,7.3,1529,43933,4242978.0,2010-06-18,0.73,0.0027922450155256013
386,Identity,7.5,1517,2832,90259536.0,2003-04-25,0.75,0.05939854967422729
132,'The Visit',7.5,1507,298312,98450062.0,2015-09-10,0.75,0.06478862131684077
464,'The 5th Quarter',5.6,1478,59728,399611.0,2011-03-25,0.5599999999999999,0.00026297846062345857
619,Dope,7.3,1464,308639,17986781.0,2015-06-19,0.73,0.011836851285253091
632,'Man of Steel',7.3,1441,49521,662845518.0,2013-06-12,0.73,0.4362094485757374
431,Hero,6.4,1437,79,177394432.0,2002-12-19,0.64,0.11674081707093348
154,'The Incredible Hulk',6.9,1418,1724,163712074.0,2008-06-12,0.6900000000000001,0.10773664690409858
30,'The Wizard of Oz',5.1,1408,630,33754967.0,1939-08-15,0.51,0.022213675950000483
197,Sahara,5.1,1407,7364,119269486.0,2005-04-06,0.51,0.07848959570089697
54,'The Opposite Sex',6.1,1406,301748,45000.0,2014-11-08,0.61,2.9613876314855285e-05
480,Monster,2.1,1381,504,60378584.0,2003-11-16,0.21000000000000002,0.039734309303157786
636,Woodstock,7.6,1372,9459,34505110.0,1970-03-26,0.76,0.022707334661566138
389,Steel,7.2,1371,8854,1686429.0,1997-08-15,0.72,0.0011098155515507798
314,'Dear John',6.8,1340,22971,114977104.0,2010-02-04,0.6799999999999999,0.0756648385976945
424,'Roadside Romeo',5.2,1311,20653,1100000.0,2008-10-24,0.52,0.0007238947543631292
607,Ultraviolet,7.0,1309,9920,31070211.0,2006-03-03,0.7,0.02044687523623236
206,'The Master',4.6,1280,68722,28258060.0,2012-09-07,0.45999999999999996,0.01859623763861688
637,Ghost,5.1,1267,251,505000000.0,1990-07-12,0.51,0.3323335008667093
339,'Promised Land',5.7,1214,133694,8138788.0,2012-09-23,0.5700000000000001,0.005356023581885076
39,'The Fast and the Furious',5.4,1187,9799,207283925.0,2001-06-22,0.54,0.13641067815572755
387,Drive,7.2,1184,64690,78054825.0,2011-08-06,0.72,0.05136679851839276
388,Prophecy,7.3,1179,31915,54000000.0,1979-01-01,0.73,0.035536651577826345
42,'The End of the Affair',6.6,1142,20024,10827816.0,1999-12-03,0.6599999999999999,0.007125635639644691
267,'Big Trouble',5.2,1137,2185,8493890.0,2002-04-05,0.52,0.005589711286488582
614,'Freaky Friday',3.7,1137,10330,110230332.0,2003-08-03,0.37,0.07254105373318744
13,'The Last of the Mohicans',6.7,1130,9361,75505856.0,1992-09-25,0.67,0.04968935734736164
635,Joy,6.6,1128,274479,101134059.0,2015-12-24,0.6599999999999999,0.06655492254322838
238,'The Aviator',5.5,1114,2567,102000000.0,2004-12-17,0.55,0.06712478631367198
618,Happiness,7.7,1100,10683,2807390.0,1998-10-16,0.77,0.0018475044495013684
244,'Fair Game',6.0,1091,38363,24188922.0,2010-05-20,0.6,0.015918394317726264
102,Maniac,5.9,1063,103620,31081.0,2012-12-26,0.5900000000000001,2.045397532760038e-05
606,Cure,7.6,1042,36095,99000.0,1997-11-06,0.76,6.515052789268163e-05
418,'Pirates of the Caribbean: At World\'s End',7.1,970,285,961000000.0,2007-05-19,0.71,0.6324207808572428
384,Doubt,8.8,935,14359,50907234.0,2008-11-27,0.8800000000000001,0.033501345137942125
629,300,8.6,900,1271,422610419.0,2006-12-09,0.86,0.2781140595030037
259,'Sense and Sensibility',6.8,877,4584,135000000.0,1995-12-13,0.6799999999999999,0.08884162894456586
17,'The Three Musketeers',6.9,860,52451,132274484.0,2011-08-31,0.6900000000000001,0.08704800463971787
639,'The Story of Us',6.5,858,12220,58900031.0,1999-10-13,0.65,0.03876129406611427
601,'Harry Potter and the Half-Blood Prince',7.3,854,767,933959197.0,2009-07-07,0.73,0.6146256031795458
181,Adam,7.2,836,22051,2277396.0,2009-07-29,0.72,0.0014987227436432482
41,'The Raid',6.8,831,94329,4105187.0,2011-09-08,0.6799999999999999,0.002701566668163374
423,Casablanca,6.1,809,289,10462500.0,1942-11-26,0.61,0.006885226243203854
37,'The Bounty Hunter',6.5,806,27573,136000000.0,2010-03-16,0.65,0.08949971508489597
22,'Sherlock Holmes',7.7,794,10528,524028679.0,2009-12-23,0.77,0.34485601078540007
641,'The Edge',7.6,790,9433,43312294.0,1997-09-06,0.76,0.028503220387303303
634,'The Switch',8.0,766,41210,49830607.0,2010-05-11,0.8,0.03279283183093693
589,'The Boy Next Door',6.8,761,241251,52425855.0,2015-01-23,0.6799999999999999,0.03450072857045639
331,'The In Crowd',6.4,731,36047,5217498.0,2000-07-19,0.64,0.0034335631210001072
19,'Oliver Twist',6.7,723,257,42093706.0,2005-09-23,0.67,0.027701284513730707
458,'Heaven\'s Gate',7.3,710,10935,3484331.0,1980-11-19,0.73,0.0022929899394225784
90,'The Mask',5.9,710,854,351583407.0,1994-07-29,0.5900000000000001,0.2313721673167428
640,Stardust,3.8,705,2270,135560026.0,2007-08-09,0.38,0.08921017429339037
565,'Standing Ovation',3.2,698,55567,531826.0,2010-07-16,0.32,0.00034998731966720504
365,'Out Cold',5.6,693,14369,14782676.0,2001-11-21,0.5599999999999999,0.009728274192590659
476,Saw,6.9,690,176,103911669.0,2004-10-01,0.6900000000000001,0.06838282918747071
199,Scream,2.9,676,4232,173046663.0,1996-12-20,0.29,0.11387961055067654
131,'The Thin Red Line',6.7,674,8741,98126565.0,1998-12-25,0.67,0.0645757324247024
171,Inchon,2.6,660,113464,5200000.0,1981-05-04,0.26,0.0034220479297166107
285,'Slow Burn',5.0,619,18777,1237615.0,2005-09-12,0.5,0.0008144572785646583
448,Flipped,6.7,606,43949,1755212.0,2010-08-06,0.67,0.0011550806905411062
240,'Bridge to Terabithia',6.1,596,1265,137587063.0,2007-02-16,0.61,0.09054413924902671
61,'Just My Luck',6.3,570,10025,38159905.0,2006-05-12,0.63,0.02511250459681395
626,'The Host',4.8,553,1255,88489643.0,2006-07-27,0.48,0.058233807621059994
29,Tumbleweeds,6.5,546,55123,1281176.0,1999-11-28,0.65,0.0008431241689235786
355,'Catch Me If You Can',6.2,545,640,352114312.0,2002-12-25,0.62,0.23172154853907476
613,Alive,5.4,528,7305,36733909.0,1993-01-15,0.54,0.024174076393047764
334,'A Man for All Seasons',7.3,515,874,28350000.0,1966-12-12,0.73,0.01865674207835883
280,'Behind Enemy Lines',5.1,504,8007,91753202.0,2001-11-17,0.51,0.060381510567109616
